gi_code,gi_region,geo_desc,total_water_used,source_groundwater,source_irrigation,source_recycled,source_mains,source_dams_tanks,source_rivers_creeks_lakes,source_other,source_groundwater_ratio,source_irrigation_ratio,source_recycled_ratio,source_mains_ratio,source_dams_tanks_ratio,source_rivers_creeks_lakes_ratio,source_other_ratio,main_source_groundwater,main_source_irrigation,main_source_recycled,main_source_mains,main_source_dams_tanks,main_source_rivers_creeks_lakes,main_source_other,watering_drip_ratio,watering_flood_ratio,watering_sprinkler_ratio,watering_other_ratio,main_watering_drip,main_watering_flood,main_watering_sprinkler,main_watering_other,cabernet_sauvignon _ratio,durif_ratio,grenache_ratio,malbec_ratio,merlot_ratio,montepulciano_ratio,muscat_rose_ratio,nebbiolo_ratio,nero_ratio,petit_verdot_ratio,pinot_noir_ratio,ruby_cabernet_ratio,sangiovese_ratio,shiraz_ratio,tempranillo_ratio,barbera_ratio,bernet_franc_ratio,mataro_ratio,dolcetto_ratio,zinfandel_ratio,other_red_ratio,total_red_ratio,chardonnay_ratio,colombard_ratio,fiano_ratio,muscat_blanc_ratio,muscat_gordo_ratio,pinot_gris_ratio,prosecco_ratio,riesling_ratio,sauvignon_blanc_ratio,semillon_ratio,sultana_ratio,verdelho_ratio,vermentino_ratio,viognier_ratio,arneis_ratio,chenin_blanc_ratio,marsanne_ratio,muscadelle_ratio,traminer_ratio,savagnin_ratio,other_white_ratio,total_white_ratio,main_cabernet_sauvignon ,main_durif,main_grenache,main_malbec,main_merlot,main_montepulciano,main_muscat_rose,main_nebbiolo,main_nero,main_petit_verdot,main_pinot_noir,main_ruby_cabernet,main_sangiovese,main_shiraz,main_tempranillo,main_barbera,main_bernet_franc,main_mataro,main_dolcetto,main_zinfandel,main_other_red,main_total_red,main_chardonnay,main_colombard,main_fiano,main_muscat_blanc,main_muscat_gordo,main_pinot_gris,main_prosecco,main_riesling,main_sauvignon_blanc,main_semillon,main_sultana,main_verdelho,main_vermentino,main_viognier,main_arneis,main_chenin_blanc,main_marsanne,main_muscadelle,main_traminer,main_savagnin,main_other_white,main_total_white
111,Murray Darling (NSW),"Mildura, VIC",45912.84,0,19267.75,0,2148.35,0,24496.74,0,0,0.42,0,0.05,0,0.53,0,FALSE,FALSE,FALSE,FALSE,FALSE,TRUE,FALSE,0.85,0,0.15,0,TRUE,FALSE,FALSE,FALSE,0.08,2.68E-05,0.000666906,0.000154173,0.10005889,0.000511099,0.000124489,9.64E-05,0.001030043,0.004843374,0.012810093,0.011962402,4.82E-05,0.133215051,0.010905421,0,0,0,0,0,0.013062144,0.369680597,0.241888671,0.04672705,0.000698944,0.001680212,0.049703217,0.115842012,0.00135735,0.002070025,0.105483061,0.011564155,0.001157279,0.003252083,0.001236065,0.00603341,0,0,0,0,0,0,0.04162587,0.630319403,FALSE,FALSE,FALSE,FALSE,FALSE,FALSE,FALSE,FALSE,FALSE,FALSE,FALSE,FALSE,FALSE,TRUE,FALSE,FALSE,FALSE,FALSE,FALSE,FALSE,FALSE,FALSE,TRUE,FALSE,FALSE,FALSE,FALSE,FALSE,FALSE,FALSE,FALSE,FALSE,FALSE,FALSE,FALSE,FALSE,FALSE,FALSE,FALSE,FALSE,FALSE,FALSE,FALSE,TRUE
112,Perricoota,Perricoota,820.46,0,446.29,0,0,0,374.17,0,0,0.54,0,0,0,0.46,0,FALSE,TRUE,FALSE,FALSE,FALSE,FALSE,FALSE,1,0,0,0,TRUE,FALSE,FALSE,FALSE,0.171257273,0.022721184,0,0,0.067347787,0,0.006716746,0,0,0.013945277,0,0,0.011592441,0.333439812,0,0.000283371,0.008501123,0.005667415,0,0,0,0.641472429,0.284662256,0,0,0,0,0.028903819,0,0,0.023652014,0.020213782,0,0.0010957,0,0,0,0,0,0,0,0,0,0.358527571,FALSE,FALSE,FALSE,FALSE,FALSE,FALSE,FALSE,FALSE,FALSE,FALSE,FALSE,FALSE,FALSE,TRUE,FALSE,FALSE,FALSE,FALSE,FALSE,FALSE,FALSE,TRUE,TRUE,FALSE,FALSE,FALSE,FALSE,FALSE,FALSE,FALSE,FALSE,FALSE,FALSE,FALSE,FALSE,FALSE,FALSE,FALSE,FALSE,FALSE,FALSE,FALSE,FALSE,FALSE
113,Riverina,"Griffith, VIC",82879.49,1536.89,79709.55,0,53.01,118.78,1461.25,0,0.02,0.96,0,0,0,0.02,0,FALSE,TRUE,FALSE,FALSE,FALSE,FALSE,FALSE,0.85,0.14,0,0,TRUE,FALSE,FALSE,FALSE,0.062095704,0.016240936,0.000222466,0.001228731,0.068620365,0.000253294,0.001990849,1.03E-05,0.000806108,0.012526673,0.014966399,0.028683259,0.00180162,0.210588467,0.001568086,0.001134885,0.000440638,0.001586346,0.000894613,0,0.006501549,0.432161321,0.204969835,0.030468749,0.00027494,0.033675201,0.020986357,0.063922147,0,0.009591007,0.040004384,0.096639997,0,0.015055288,0.000679688,0.005246982,0.000253748,0.002725315,0.003708886,8.67E-05,0.027968274,0,0.011581157,0.567838714,FALSE,FALSE,FALSE,FALSE,FALSE,FALSE,FALSE,FALSE,FALSE,FALSE,FALSE,FALSE,FALSE,TRUE,FALSE,FALSE,FALSE,FALSE,FALSE,FALSE,FALSE,FALSE,TRUE,FALSE,FALSE,FALSE,FALSE,FALSE,FALSE,FALSE,FALSE,FALSE,FALSE,FALSE,FALSE,FALSE,FALSE,FALSE,FALSE,FALSE,FALSE,FALSE,FALSE,TRUE
114,Swan Hill (NSW),Swan Hill (NSW),810,0,0,0,0,0,810,0,0,0,0,0,0,1,0,FALSE,FALSE,FALSE,FALSE,FALSE,TRUE,FALSE,1,0,0,0,TRUE,FALSE,FALSE,FALSE,0.209764103,0,0.004102564,0,0.082625641,0,0,0,0,0,0,0,0,0.20894359,0,0,0,0,0,0,0,0.505435897,0.154871795,0,0,0,0,0,0,0,0.166564103,0.173128205,0,0,0,0,0,0,0,0,0,0,0,0.494564103,TRUE,FALSE,FALSE,FALSE,FALSE,FALSE,FALSE,FALSE,FALSE,FALSE,FALSE,FALSE,FALSE,FALSE,FALSE,FALSE,FALSE,FALSE,FALSE,FALSE,FALSE,TRUE,FALSE,FALSE,FALSE,FALSE,FALSE,FALSE,FALSE,FALSE,FALSE,TRUE,FALSE,FALSE,FALSE,FALSE,FALSE,FALSE,FALSE,FALSE,FALSE,FALSE,FALSE,FALSE
131,Cowra,Cowra,1403.55,639.71,10,0,0,10.73,743.11,0,0.46,0.01,0,0,0.01,0.53,0,FALSE,FALSE,FALSE,FALSE,FALSE,TRUE,FALSE,0.99,0,0,0.01,TRUE,FALSE,FALSE,FALSE,0.121886771,0,0.000221342,0,0.044103792,0,0,0,0,0.000769799,0.003237856,0,0,0.179972303,0.000109691,0,0.000221342,0.000442683,0,0,0,0.350965578,0.563306648,0,0,0,0,0.011588117,0,0.001782486,0.031105357,0.019078474,0,0.021009827,0,0.000340827,0.000822686,0,0,0,0,0,0,0.649034422,FALSE,FALSE,FALSE,FALSE,FALSE,FALSE,FALSE,FALSE,FALSE,FALSE,FALSE,FALSE,FALSE,TRUE,FALSE,FALSE,FALSE,FALSE,FALSE,FALSE,FALSE,FALSE,TRUE,FALSE,FALSE,FALSE,FALSE,FALSE,FALSE,FALSE,FALSE,FALSE,FALSE,FALSE,FALSE,FALSE,FALSE,FALSE,FALSE,FALSE,FALSE,FALSE,FALSE,TRUE
132,Mudgee,Mudgee,1449.48,239.22,6,0,0,111.65,1082.04,10.57,0.17,0,0,0,0.08,0.75,0.01,FALSE,FALSE,FALSE,FALSE,FALSE,TRUE,FALSE,0.94,0,0.06,0,TRUE,FALSE,FALSE,FALSE,0.252824771,0.001290347,0.001497572,0,0.136781096,0,0.000681491,0.000194407,0,0.013377741,0.029889487,0,0.01141872,0.298939736,0.003134006,0.002258108,0.001595844,0,0,0.002298698,0.001606525,0.757786413,0.119737401,0,0,0.000121771,0,0.035283738,0,0.011643035,0.00342882,0.038577969,0,0.008128761,0.000437949,0.001136531,0,0,0,0,0.017975137,0.000194407,0.005548067,0.242213587,FALSE,FALSE,FALSE,FALSE,FALSE,FALSE,FALSE,FALSE,FALSE,FALSE,FALSE,FALSE,FALSE,TRUE,FALSE,FALSE,FALSE,FALSE,FALSE,FALSE,FALSE,TRUE,TRUE,FALSE,FALSE,FALSE,FALSE,FALSE,FALSE,FALSE,FALSE,FALSE,FALSE,FALSE,FALSE,FALSE,FALSE,FALSE,FALSE,FALSE,FALSE,FALSE,FALSE,FALSE
133,Orange,"Orange, NSW",477.13,343.54,1.71,0.45,0,126.77,4.65,0,0.72,0,0,0,0.27,0.01,0,TRUE,FALSE,FALSE,FALSE,FALSE,FALSE,FALSE,0.99,0,0,0.01,TRUE,FALSE,FALSE,FALSE,0.168250954,0,0.008140535,0.00365647,0.099687702,0,0,0.000559482,0,0.001213352,0.039678099,0,0,0.21936219,0.002430807,0.000419954,0.008043413,0.006292466,0,0.004277509,0.003158544,0.565170109,0.180928905,0,0,0.000482878,0,0.060134084,0,0.033857569,0.131983098,0.018718717,0,0,0,0.001571748,0.000778351,0,0.001709909,0,0.003437601,0,0.001228399,0.434829891,FALSE,FALSE,FALSE,FALSE,FALSE,FALSE,FALSE,FALSE,FALSE,FALSE,FALSE,FALSE,FALSE,TRUE,FALSE,FALSE,FALSE,FALSE,FALSE,FALSE,FALSE,TRUE,TRUE,FALSE,FALSE,FALSE,FALSE,FALSE,FALSE,FALSE,FALSE,FALSE,FALSE,FALSE,FALSE,FALSE,FALSE,FALSE,FALSE,FALSE,FALSE,FALSE,FALSE,FALSE
141,Canberra District (NSW),Canberra District (NSW),220.43,167.6,0,0,0,44.69,8.15,0,0.76,0,0,0,0.2,0.04,0,TRUE,FALSE,FALSE,FALSE,FALSE,FALSE,FALSE,1,0,0,0,TRUE,FALSE,FALSE,FALSE,0.134193051,0,0.003747486,0.001515527,0.084807528,0,0.002321512,0,0,0.001584415,0.05695627,0,0.023587115,0.320527128,0.010429583,0,0.003258384,0.002156182,0,0,0.000144664,0.645228845,0.038887052,0,0,0,0,0.041029456,0,0.153281805,0.030544763,0.056246728,0,0,0,0.027238158,0,0,0.002803725,0,0,0.00222507,0.002514398,0.354771155,FALSE,FALSE,FALSE,FALSE,FALSE,FALSE,FALSE,FALSE,FALSE,FALSE,FALSE,FALSE,FALSE,TRUE,FALSE,FALSE,FALSE,FALSE,FALSE,FALSE,FALSE,TRUE,FALSE,FALSE,FALSE,FALSE,FALSE,FALSE,FALSE,TRUE,FALSE,FALSE,FALSE,FALSE,FALSE,FALSE,FALSE,FALSE,FALSE,FALSE,FALSE,FALSE,FALSE,FALSE
143,Tumbarumba,Tumbarumba,114.72,0,0,0,0,35.13,79.59,0,0,0,0,0,0.31,0.69,0,FALSE,FALSE,FALSE,FALSE,FALSE,TRUE,FALSE,1,0,0,0,TRUE,FALSE,FALSE,FALSE,0,0,0,0,0,0,0,0,0,0,0.337739792,0,0,0,0,0,0,0,0,0,0.034797394,0.372537186,0.50665836,0,0,0,0,0.028139034,0.010383407,0.00507489,0.077200633,0,0,0,0,0,0,0,0,0,0,0,0,0.627462814,FALSE,FALSE,FALSE,FALSE,FALSE,FALSE,FALSE,FALSE,FALSE,FALSE,TRUE,FALSE,FALSE,FALSE,FALSE,FALSE,FALSE,FALSE,FALSE,FALSE,FALSE,FALSE,TRUE,FALSE,FALSE,FALSE,FALSE,FALSE,FALSE,FALSE,FALSE,FALSE,FALSE,FALSE,FALSE,FALSE,FALSE,FALSE,FALSE,FALSE,FALSE,FALSE,FALSE,TRUE
144,Gundagai,Gundagai,512.99,51.64,0,0,0,36.76,424.59,0,0.1,0,0,0,0.07,0.83,0,FALSE,FALSE,FALSE,FALSE,FALSE,TRUE,FALSE,0.96,0,0.04,0,TRUE,FALSE,FALSE,FALSE,0.278634885,0,0,0,9.69E-05,0,0,0.002030597,0,0,0.043242495,0,0.006414842,0.659496504,0.002265962,0.005399543,0,0,0,0,0.000461499,0.998043242,0,0,0,0,0,0,0,0,0.001956758,0,0,0,0,0,0,0,0,0,0,0,0,0.001956758,FALSE,FALSE,FALSE,FALSE,FALSE,FALSE,FALSE,FALSE,FALSE,FALSE,FALSE,FALSE,FALSE,TRUE,FALSE,FALSE,FALSE,FALSE,FALSE,FALSE,FALSE,TRUE,FALSE,FALSE,FALSE,FALSE,FALSE,FALSE,FALSE,FALSE,TRUE,FALSE,FALSE,FALSE,FALSE,FALSE,FALSE,FALSE,FALSE,FALSE,FALSE,FALSE,FALSE,FALSE
151,Shoalhaven Coast,Shoalhaven Coast,6,0,0,0,0,6,0,0,0,0,0,0,1,0,0,FALSE,FALSE,FALSE,FALSE,TRUE,FALSE,FALSE,1,0,0,0,TRUE,FALSE,FALSE,FALSE,0.219064386,0,0,0.006287726,0.025150905,0,0,0,0,0,0,0,0,0.070422535,0.008802817,0,0,0,0,0,0.16819668,0.516788229,0.119152414,0,0,0,0,0,0,0,0.070422535,0.137072435,0,0.106891348,0,0,0.02137827,0,0,0,0,0.028294769,0,0.483211771,TRUE,FALSE,FALSE,FALSE,FALSE,FALSE,FALSE,FALSE,FALSE,FALSE,FALSE,FALSE,FALSE,FALSE,FALSE,FALSE,FALSE,FALSE,FALSE,FALSE,FALSE,TRUE,FALSE,FALSE,FALSE,FALSE,FALSE,FALSE,FALSE,FALSE,FALSE,TRUE,FALSE,FALSE,FALSE,FALSE,FALSE,FALSE,FALSE,FALSE,FALSE,FALSE,FALSE,FALSE
152,Southern Highlands,"Bowral, NSW",65.15,64.62,0,0,0,0.53,0,0,0.99,0,0,0,0.01,0,0,TRUE,FALSE,FALSE,FALSE,FALSE,FALSE,FALSE,1,0,0,0,TRUE,FALSE,FALSE,FALSE,0.083286982,0,0,0.00926217,0.091194893,0,0,0,0,0,0.250465527,0,0,0.007448429,0.011607942,0,0,0,0,0,0.049599768,0.502865711,0.150613044,0,0,0,0,0.08514909,0,0.095741336,0.131218108,0,0,0,0,0,0.027399579,0,0,0,0.004352978,0.002660153,0,0.497134289,FALSE,FALSE,FALSE,FALSE,FALSE,FALSE,FALSE,FALSE,FALSE,FALSE,TRUE,FALSE,FALSE,FALSE,FALSE,FALSE,FALSE,FALSE,FALSE,FALSE,FALSE,TRUE,TRUE,FALSE,FALSE,FALSE,FALSE,FALSE,FALSE,FALSE,FALSE,FALSE,FALSE,FALSE,FALSE,FALSE,FALSE,FALSE,FALSE,FALSE,FALSE,FALSE,FALSE,FALSE
161,New England Australia,"Armidale, NSW",13.89,1.54,0,0,0,7.35,5,0,0.11,0,0,0,0.53,0.36,0,FALSE,FALSE,FALSE,FALSE,TRUE,FALSE,FALSE,0.35,0,0.65,0,FALSE,FALSE,TRUE,FALSE,0.035217929,0,0,0,0.01920978,0,0,0.052026486,0,0,0.053627301,0,0,0.133668049,0.161172961,0.014989449,0,0,0,0,0.060830968,0.530742924,0.082078149,0,0,0,0,0.008004075,0,0.008004075,0.118460307,0.032598414,0,0.008004075,0,0.032016299,0,0,0,0,0.158480681,0,0.021611002,0.469257076,FALSE,FALSE,FALSE,FALSE,FALSE,FALSE,FALSE,FALSE,FALSE,FALSE,FALSE,FALSE,FALSE,FALSE,TRUE,FALSE,FALSE,FALSE,FALSE,FALSE,FALSE,TRUE,FALSE,FALSE,FALSE,FALSE,FALSE,FALSE,FALSE,FALSE,FALSE,FALSE,FALSE,FALSE,FALSE,FALSE,FALSE,FALSE,FALSE,FALSE,TRUE,FALSE,FALSE,FALSE
171,Hastings River,"Port Macquarie, NSW",4197.202639,513.8706944,1509.186806,62.18819444,63.35055556,238.9527778,1763.658611,45.99444444,0.239200198,0.15916736,0.028894169,0.023878901,0.362857013,0.179544943,0.006440844,FALSE,FALSE,FALSE,FALSE,FALSE,FALSE,FALSE,0.940663027,0.004272442,0.05394608,0.001118451,FALSE,FALSE,FALSE,FALSE,0,0,0,0.005952381,0,0,0,0,0,0,0.021825397,0,0,0,0,0,0,0,0,0,0.337301587,0.365079365,0.329365079,0,0,0,0,0,0,0,0,0.073412698,0,0.063492063,0,0.10515873,0,0,0,0,0,0.063492063,0,0.634920635,FALSE,FALSE,FALSE,FALSE,FALSE,FALSE,FALSE,FALSE,FALSE,FALSE,FALSE,FALSE,FALSE,FALSE,FALSE,FALSE,FALSE,FALSE,FALSE,FALSE,TRUE,FALSE,TRUE,FALSE,FALSE,FALSE,FALSE,FALSE,FALSE,FALSE,FALSE,FALSE,FALSE,FALSE,FALSE,FALSE,FALSE,FALSE,FALSE,FALSE,FALSE,FALSE,FALSE,TRUE
181,Hunter,"Muswellbrook, NSW",1523.58,34.25,381.92,2.5,0,528.65,552.32,23.95,0.02,0.25,0,0,0.35,0.36,0.02,FALSE,FALSE,FALSE,FALSE,FALSE,TRUE,FALSE,0.99,0,0.01,0,TRUE,FALSE,FALSE,FALSE,0.021078178,0.000711003,0,0.000740797,0.019221445,0,0.006167439,0.000846432,0,0.003419584,0.01132864,0,0.003873271,0.222836318,0.008186686,0.00131637,0.003346452,0,0.000537653,0,0.010843804,0.314456781,0.237705073,0,0.000747568,0,0,0.005200476,0,0.000491607,0.002995691,0.284820841,0,0.130116171,0.003047154,0.007934788,0.000702877,0.001495137,0.001083432,0.000861329,0.0065656,0.001015718,0.000758403,0.685544574,FALSE,FALSE,FALSE,FALSE,FALSE,FALSE,FALSE,FALSE,FALSE,FALSE,FALSE,FALSE,FALSE,TRUE,FALSE,FALSE,FALSE,FALSE,FALSE,FALSE,FALSE,FALSE,FALSE,FALSE,FALSE,FALSE,FALSE,FALSE,FALSE,FALSE,FALSE,TRUE,FALSE,FALSE,FALSE,FALSE,FALSE,FALSE,FALSE,FALSE,FALSE,FALSE,FALSE,TRUE
212,Swan Hill (Vic.),Swan Hill (Vic.),9610.56,0,6683.22,0,0,0,2927.34,0,0,0.7,0,0,0,0.3,0,FALSE,TRUE,FALSE,FALSE,FALSE,FALSE,FALSE,0.97,0,0.02,0,TRUE,FALSE,FALSE,FALSE,0.12723624,0.002545921,0.006617734,0.002775254,0.04775364,0,0.012739578,0,0,0.010419333,0,0.005133056,0.006846734,0.305006691,0.00232656,0,0,0.014141496,0.007098999,0,0.025772302,0.576413535,0.166792079,0.02955562,0,0,0.090446347,0.005871905,0,0.008675742,0.019481616,0.027326444,0,0.005749927,0,0.00242627,0,0.011805298,0,0,0,0,0.05545555,0.423586465,FALSE,FALSE,FALSE,FALSE,FALSE,FALSE,FALSE,FALSE,FALSE,FALSE,FALSE,FALSE,FALSE,TRUE,FALSE,FALSE,FALSE,FALSE,FALSE,FALSE,FALSE,TRUE,TRUE,FALSE,FALSE,FALSE,FALSE,FALSE,FALSE,FALSE,FALSE,FALSE,FALSE,FALSE,FALSE,FALSE,FALSE,FALSE,FALSE,FALSE,FALSE,FALSE,FALSE,FALSE
221,Alpine Valleys,"Eurobin, VIC",211.8,19.8,0,0,14.14,27.52,150.33,0,0.09,0,0,0.07,0.13,0.71,0,FALSE,FALSE,FALSE,FALSE,FALSE,TRUE,FALSE,0.78,0,0.22,0,TRUE,FALSE,FALSE,FALSE,0.034299844,0.007807203,0,0.00028417,0.164689108,0.000797671,0,0.003644358,0,0.002846688,0.107007538,0,0.019039405,0.043074223,0.015953416,0.003245523,0,0,0.003644358,0,0.024149484,0.430492961,0.155680413,0,0,0,0,0.120243888,0.06810613,0.005414191,0.165895585,0.006780202,0,0.000498544,0.008375543,0,0.001495633,0,0,0,0,0.007976708,0.029045188,0.569507039,FALSE,FALSE,FALSE,FALSE,TRUE,FALSE,FALSE,FALSE,FALSE,FALSE,FALSE,FALSE,FALSE,FALSE,FALSE,FALSE,FALSE,FALSE,FALSE,FALSE,FALSE,FALSE,FALSE,FALSE,FALSE,FALSE,FALSE,FALSE,FALSE,FALSE,TRUE,FALSE,FALSE,FALSE,FALSE,FALSE,FALSE,FALSE,FALSE,FALSE,FALSE,FALSE,FALSE,TRUE
222,Beechworth,Beechworth,97.21,5.75,0,0,0,91.46,0,0,0.06,0,0,0,0.94,0,0,FALSE,FALSE,FALSE,FALSE,TRUE,FALSE,FALSE,0.93,0,0.07,0,TRUE,FALSE,FALSE,FALSE,0.10127289,0,0.002568111,0,0.09776367,0,0,0.020879857,0,0,0.133047279,0,0.037660308,0.213807184,0.016174313,0.002057679,0.001706757,0,0,0,0.01612646,0.643016653,0.20079117,0,0,0,0,0.106329356,0.003413514,0.004450329,0.014946086,0.002568111,0,0,0,0.007608626,0,0,0.002568111,0,0.000334971,0,0.013973075,0.356983347,FALSE,FALSE,FALSE,FALSE,FALSE,FALSE,FALSE,FALSE,FALSE,FALSE,FALSE,FALSE,FALSE,TRUE,FALSE,FALSE,FALSE,FALSE,FALSE,FALSE,FALSE,TRUE,TRUE,FALSE,FALSE,FALSE,FALSE,FALSE,FALSE,FALSE,FALSE,FALSE,FALSE,FALSE,FALSE,FALSE,FALSE,FALSE,FALSE,FALSE,FALSE,FALSE,FALSE,FALSE
223,Rutherglen,Rutherglen,492.44,1.07,32.64,16,0,59.93,382.8,0,0,0.07,0.03,0,0.12,0.78,0,FALSE,FALSE,FALSE,FALSE,FALSE,TRUE,FALSE,0.85,0.05,0.09,0,TRUE,FALSE,FALSE,FALSE,0.073241042,0.092039098,0.006131614,0.007169771,0.029582837,0,0.12917638,0,0,0.016462202,0.003462068,0.00543642,0.010826493,0.282262811,0.013102096,0,0.002470257,0,0,0,0.040321272,0.711675094,0.080183717,0,0.000495905,0.008949469,0,0,0,0.020318214,0,0.015326718,0,0,0,0.024966747,0,0.00168237,0.016165586,0.085819426,0.003953339,0,0.030468051,0.288324906,FALSE,FALSE,FALSE,FALSE,FALSE,FALSE,FALSE,FALSE,FALSE,FALSE,FALSE,FALSE,FALSE,TRUE,FALSE,FALSE,FALSE,FALSE,FALSE,FALSE,FALSE,TRUE,FALSE,FALSE,FALSE,FALSE,FALSE,FALSE,FALSE,FALSE,FALSE,FALSE,FALSE,FALSE,FALSE,FALSE,FALSE,FALSE,FALSE,TRUE,FALSE,FALSE,FALSE,FALSE
224,Glenrowan,Glenrowan,157.5,20,120,0,0,4.5,13,0,0.13,0.76,0,0,0.03,0.08,0,FALSE,TRUE,FALSE,FALSE,FALSE,FALSE,FALSE,0.95,0,0.05,0,TRUE,FALSE,FALSE,FALSE,0.428141006,0.095611128,0,0,0.149141308,0,0.003615547,0,0.011047504,0,0,0,0,0.277091493,0.001506478,0,0,0,0,0,0.00160691,0.967761374,0.003012956,0,0,0.018077734,0,0,0,0.00431857,0,0,0,0,0,0,0,0,0,0.006829366,0,0,0,0.032238626,TRUE,FALSE,FALSE,FALSE,FALSE,FALSE,FALSE,FALSE,FALSE,FALSE,FALSE,FALSE,FALSE,FALSE,FALSE,FALSE,FALSE,FALSE,FALSE,FALSE,FALSE,TRUE,FALSE,FALSE,FALSE,TRUE,FALSE,FALSE,FALSE,FALSE,FALSE,FALSE,FALSE,FALSE,FALSE,FALSE,FALSE,FALSE,FALSE,FALSE,FALSE,FALSE,FALSE,FALSE
225,King Valley,"King Valley, VIC",936.27,18.59,0,0,0,374.42,543.26,0,0.02,0,0,0,0.4,0.58,0,FALSE,FALSE,FALSE,FALSE,FALSE,TRUE,FALSE,0.98,0,0.02,0,TRUE,FALSE,FALSE,FALSE,0.077357743,0.003339888,0,0.000211609,0.138743976,0.000242644,0,0.001847343,0.000169992,0.004138358,0.067970787,0,0.020178287,0.062344115,0.010459106,0.004757666,8.11E-05,0,0.008232278,0.000218662,0.009210615,0.409503482,0.139976949,0,0.001196294,0.004362663,0,0.145668514,0.133764827,0.041611413,0.099705018,0.002442668,0,0,0.000659513,0.005845334,0.002263506,0.000313181,0,0,0.005645716,0.000282145,0.006758072,0.590495813,FALSE,FALSE,FALSE,FALSE,TRUE,FALSE,FALSE,FALSE,FALSE,FALSE,FALSE,FALSE,FALSE,FALSE,FALSE,FALSE,FALSE,FALSE,FALSE,FALSE,FALSE,FALSE,FALSE,FALSE,FALSE,FALSE,FALSE,TRUE,FALSE,FALSE,FALSE,FALSE,FALSE,FALSE,FALSE,FALSE,FALSE,FALSE,FALSE,FALSE,FALSE,FALSE,FALSE,TRUE
231,Bendigo,Bendigo,809.64,15.16,201.86,27.73,1.54,171.96,391.38,0,0.02,0.25,0.03,0,0.21,0.48,0,FALSE,FALSE,FALSE,FALSE,FALSE,TRUE,FALSE,1,0,0,0,TRUE,FALSE,FALSE,FALSE,0.182053165,0,0.001074586,0.007327102,0.056031997,0,0,0.000410749,0,0.003622061,0.037776478,0,0.00721093,0.541678595,0.002302685,0,0.003742381,0,0,0.001024798,0,0.84424723,0.061321949,0,0.002709285,0,0,0.039747244,0,0.020388096,0.020280222,0.001813105,0,0,0,0.008571796,0,0,0,0,0.000410749,0,0.000510325,0.15575277,FALSE,FALSE,FALSE,FALSE,FALSE,FALSE,FALSE,FALSE,FALSE,FALSE,FALSE,FALSE,FALSE,TRUE,FALSE,FALSE,FALSE,FALSE,FALSE,FALSE,FALSE,TRUE,TRUE,FALSE,FALSE,FALSE,FALSE,FALSE,FALSE,FALSE,FALSE,FALSE,FALSE,FALSE,FALSE,FALSE,FALSE,FALSE,FALSE,FALSE,FALSE,FALSE,FALSE,FALSE
232,Goulburn Valley,"Shepparton, VIC",2416.4,939.54,376.97,0,0,12.16,1087.74,0,0.39,0.16,0,0,0.01,0.45,0,FALSE,FALSE,FALSE,FALSE,FALSE,TRUE,FALSE,0.96,0,0.04,0,TRUE,FALSE,FALSE,FALSE,0.122622631,0.009519883,0.004033933,0,0.093013367,0,0.001281542,0,0,0.010179981,9.81E-05,0,0.012852089,0.232279192,0.00985687,0.000840485,0.003836696,0.002200327,0,0.000607568,0.000551073,0.503775741,0.199050291,0,0,0.001133862,4.06E-05,0.036097254,0.003441232,0.026440595,0.109738825,0.021714848,0,0.003548275,0.00080976,0.016916747,0,0,0.056578135,0,0.011249419,0.003429338,0.00603405,0.496224259,FALSE,FALSE,FALSE,FALSE,FALSE,FALSE,FALSE,FALSE,FALSE,FALSE,FALSE,FALSE,FALSE,TRUE,FALSE,FALSE,FALSE,FALSE,FALSE,FALSE,FALSE,TRUE,TRUE,FALSE,FALSE,FALSE,FALSE,FALSE,FALSE,FALSE,FALSE,FALSE,FALSE,FALSE,FALSE,FALSE,FALSE,FALSE,FALSE,FALSE,FALSE,FALSE,FALSE,FALSE
233,Strathbogie Ranges,Strathbogie Ranges,653.9,13.66,10.22,0,0,630.01,0,0,0.02,0.02,0,0,0.96,0,0,FALSE,FALSE,FALSE,FALSE,TRUE,FALSE,FALSE,0.85,0,0.15,0,TRUE,FALSE,FALSE,FALSE,0.059340044,0,0,0,0.035200755,0,0,0,0,0,0.327733488,0,0.007759613,0.100952717,0.002086335,0,0,0,0,0.007775163,0.005253418,0.546101533,0.274136698,0,0,0,0,0.080540322,0,0.035656898,0.043367268,0,0,0,0.005007205,0.008511212,0.002270348,0,0,0,0,0.002513969,0.001891956,0.453898467,FALSE,FALSE,FALSE,FALSE,FALSE,FALSE,FALSE,FALSE,FALSE,FALSE,TRUE,FALSE,FALSE,FALSE,FALSE,FALSE,FALSE,FALSE,FALSE,FALSE,FALSE,TRUE,TRUE,FALSE,FALSE,FALSE,FALSE,FALSE,FALSE,FALSE,FALSE,FALSE,FALSE,FALSE,FALSE,FALSE,FALSE,FALSE,FALSE,FALSE,FALSE,FALSE,FALSE,FALSE
234,Heathcote,"Ladys Pass, VIC",1904.44,1.07,1839.35,0,0.02,49.51,8.59,5.9,0,0.97,0,0,0.03,0,0,FALSE,TRUE,FALSE,FALSE,FALSE,FALSE,FALSE,0.97,0,0.03,0,TRUE,FALSE,FALSE,FALSE,0.072505289,0.008815233,0.031345039,0.007472287,0.035088758,0.000413214,0,0.001123942,0.000413214,7.44E-05,0,0,0.003337392,0.540704337,0.01343772,0,0.000665275,0.015024462,0.018043679,0,0.003705153,0.752167996,0.157276148,0,0.00068869,0,0,0,0,0.059986281,0.000296137,0.000713483,0,0.000296137,0.001575723,0.004234066,0,0,0.003895231,0,0.01257548,0,0.006294627,0.247832004,FALSE,FALSE,FALSE,FALSE,FALSE,FALSE,FALSE,FALSE,FALSE,FALSE,FALSE,FALSE,FALSE,TRUE,FALSE,FALSE,FALSE,FALSE,FALSE,FALSE,FALSE,TRUE,TRUE,FALSE,FALSE,FALSE,FALSE,FALSE,FALSE,FALSE,FALSE,FALSE,FALSE,FALSE,FALSE,FALSE,FALSE,FALSE,FALSE,FALSE,FALSE,FALSE,FALSE,FALSE
235,Upper Goulburn,"Bonnie Doon, VIC",1323.38,136.01,364.29,0,0,492.54,330.54,0,0.1,0.28,0,0,0.37,0.25,0,FALSE,FALSE,FALSE,FALSE,TRUE,FALSE,FALSE,0.68,0,0.32,0,TRUE,FALSE,FALSE,FALSE,0.074315392,0,0,0.001573812,0.110040919,0,0,0.002399189,0,0,0.24915189,0,0.000412688,0.152803134,0.001087679,0,0,0,0,0,0.000188857,0.591966565,0.21256951,0,0,0,0.023533732,0.077340608,0,0.02633162,0.062634211,0,0,0,0,0,0,0,0,0,0.005620257,0,0,0.408029937,FALSE,FALSE,FALSE,FALSE,FALSE,FALSE,FALSE,FALSE,FALSE,FALSE,TRUE,FALSE,FALSE,FALSE,FALSE,FALSE,FALSE,FALSE,FALSE,FALSE,FALSE,TRUE,TRUE,FALSE,FALSE,FALSE,FALSE,FALSE,FALSE,FALSE,FALSE,FALSE,FALSE,FALSE,FALSE,FALSE,FALSE,FALSE,FALSE,FALSE,FALSE,FALSE,FALSE,FALSE
241,Grampians,Grampians,256.2,0.53,0,158.51,32.13,65.03,0,0,0,0,0.62,0.13,0.25,0,0,FALSE,FALSE,TRUE,FALSE,FALSE,FALSE,FALSE,1,0,0,0,TRUE,FALSE,FALSE,FALSE,0.072981088,0.002739293,0.004382869,0,0.01007217,0,0,0,0,0,0.018827372,0,0.025654533,0.643797082,0.002876258,0.001158932,0,0,0.001369647,0,0.005615551,0.789474793,0.021945952,0,0,0,0,0.078333246,0,0.086424696,0.013011642,0,0,0,0,0.007796449,0,0,0,0,0,0,0.003013222,0.210525207,FALSE,FALSE,FALSE,FALSE,FALSE,FALSE,FALSE,FALSE,FALSE,FALSE,FALSE,FALSE,FALSE,TRUE,FALSE,FALSE,FALSE,FALSE,FALSE,FALSE,FALSE,TRUE,FALSE,FALSE,FALSE,FALSE,FALSE,FALSE,FALSE,TRUE,FALSE,FALSE,FALSE,FALSE,FALSE,FALSE,FALSE,FALSE,FALSE,FALSE,FALSE,FALSE,FALSE,FALSE
242,Henty,"Merino, VIC",60.91,11.15,0,0,0.77,48.99,0,0,0.18,0,0,0.01,0.8,0,0,FALSE,FALSE,FALSE,FALSE,TRUE,FALSE,FALSE,1,0,0,0,TRUE,FALSE,FALSE,FALSE,0.021994398,0,0,0,0.002926602,0,0,0,0,0,0.415774921,0,0,0.043647659,0,0,0.002926602,0,0,0,0.06409796,0.551368141,0.216891698,0,0,0,0,0.087205544,0,0.124604999,0.005386383,0.012209135,0,0,0,0,0,0,0,0,0.002334099,0,0,0.448631859,FALSE,FALSE,FALSE,FALSE,FALSE,FALSE,FALSE,FALSE,FALSE,FALSE,TRUE,FALSE,FALSE,FALSE,FALSE,FALSE,FALSE,FALSE,FALSE,FALSE,FALSE,TRUE,TRUE,FALSE,FALSE,FALSE,FALSE,FALSE,FALSE,FALSE,FALSE,FALSE,FALSE,FALSE,FALSE,FALSE,FALSE,FALSE,FALSE,FALSE,FALSE,FALSE,FALSE,FALSE
251,Geelong,Geelong,168.29,0,0,0,26.47,36.43,105.27,0.11,0,0,0,0.16,0.22,0.63,0,FALSE,FALSE,FALSE,FALSE,FALSE,TRUE,FALSE,1,0,0,0,TRUE,FALSE,FALSE,FALSE,0.017035672,0,0.002496954,0,0.007037787,0,0,0,0,0,0.460778687,0,0,0.140665116,0,0,0.001822374,0.001822374,0,0.001822374,0.005457053,0.638918255,0.186687609,0,0,0,0,0.09681739,0,0.022482657,0.044985451,0.002607706,0,0,0,0.004661653,0.000453076,0,0.002386202,0,0,0,0,0.361071677,FALSE,FALSE,FALSE,FALSE,FALSE,FALSE,FALSE,FALSE,FALSE,FALSE,TRUE,FALSE,FALSE,FALSE,FALSE,FALSE,FALSE,FALSE,FALSE,FALSE,FALSE,TRUE,TRUE,FALSE,FALSE,FALSE,FALSE,FALSE,FALSE,FALSE,FALSE,FALSE,FALSE,FALSE,FALSE,FALSE,FALSE,FALSE,FALSE,FALSE,FALSE,FALSE,FALSE,FALSE
252,Mornington Peninsula,Mornington Peninsula,349.84,46,0,53.42,0,250.42,0,0,0.13,0,0.15,0,0.72,0,0,FALSE,FALSE,FALSE,FALSE,TRUE,FALSE,FALSE,1,0,0,0,TRUE,FALSE,FALSE,FALSE,0.009348441,0.000689513,0,0,0.009936374,0,0.001086599,0,0,0,0.444335682,0,0.003761539,0.056013692,0.00137287,0,0,0,0,0,0.00249025,0.529031881,0.253183611,0,0.000751077,0.000603324,0,0.174400601,0,0.008754352,0.025028704,0.000375538,0,0,0,0.003484503,0.000652575,0,0.000113893,0,0.000794171,0.00155756,0.001271289,0.470968119,FALSE,FALSE,FALSE,FALSE,FALSE,FALSE,FALSE,FALSE,FALSE,FALSE,TRUE,FALSE,FALSE,FALSE,FALSE,FALSE,FALSE,FALSE,FALSE,FALSE,FALSE,TRUE,TRUE,FALSE,FALSE,FALSE,FALSE,FALSE,FALSE,FALSE,FALSE,FALSE,FALSE,FALSE,FALSE,FALSE,FALSE,FALSE,FALSE,FALSE,FALSE,FALSE,FALSE,FALSE
253,Sunbury,"Sunbury, VIC",165.77,8.91,0,89.09,0,27.94,2.55,37.28,0.05,0,0.54,0,0.17,0.02,0.22,FALSE,FALSE,TRUE,FALSE,FALSE,FALSE,FALSE,1,0,0,0,TRUE,FALSE,FALSE,FALSE,0.175868694,0,0,0,0.061810892,0,0.00212997,0.001044103,0,0,0.254677581,0,0.007893418,0.334238223,0,0,0.01064985,0.002672903,0,0,0,0.850985633,0.069495489,0,0,0,0,0.018793852,0,0,0.052789843,0.005304043,0,0,0.001044103,0,0,0,0,0.001587036,0,0,0,0.149014367,FALSE,FALSE,FALSE,FALSE,FALSE,FALSE,FALSE,FALSE,FALSE,FALSE,FALSE,FALSE,FALSE,TRUE,FALSE,FALSE,FALSE,FALSE,FALSE,FALSE,FALSE,TRUE,TRUE,FALSE,FALSE,FALSE,FALSE,FALSE,FALSE,FALSE,FALSE,FALSE,FALSE,FALSE,FALSE,FALSE,FALSE,FALSE,FALSE,FALSE,FALSE,FALSE,FALSE,FALSE
254,Yarra Valley,"Warburton, VIC",1585.25,29.16,183.32,0,3.11,934.91,434.75,0,0.02,0.12,0,0,0.59,0.27,0,FALSE,FALSE,FALSE,FALSE,TRUE,FALSE,FALSE,0.97,0,0.03,0,TRUE,FALSE,FALSE,FALSE,0.085442609,0,0.000302407,0.001161958,0.033270717,0,0,0.005202739,0,0.000920628,0.356113163,0,0.010695968,0.123697826,0.001769751,0.001136633,0.003053863,0.000571296,0,0,0.004110797,0.627450352,0.265070812,3.87E-05,8.19E-06,0,0,0.034090046,0,0.00783502,0.038761711,0.00831321,0,0.000442438,0.002119828,0.005622832,0.001378707,2.53E-05,0.001954472,0.000128858,0.000763466,0.003251246,0.002744752,0.372549648,FALSE,FALSE,FALSE,FALSE,FALSE,FALSE,FALSE,FALSE,FALSE,FALSE,TRUE,FALSE,FALSE,FALSE,FALSE,FALSE,FALSE,FALSE,FALSE,FALSE,FALSE,TRUE,TRUE,FALSE,FALSE,FALSE,FALSE,FALSE,FALSE,FALSE,FALSE,FALSE,FALSE,FALSE,FALSE,FALSE,FALSE,FALSE,FALSE,FALSE,FALSE,FALSE,FALSE,FALSE
255,Macedon Ranges,Macedon Ranges,63.06,7.32,0.22,0.56,0,54.96,0,0,0.12,0,0.01,0,0.87,0,0,FALSE,FALSE,FALSE,FALSE,TRUE,FALSE,FALSE,0.96,0,0.04,0,TRUE,FALSE,FALSE,FALSE,0.031451758,0,0,0.003029757,0.0128945,0,0,0.008061317,0,0,0.476357078,0,0,0.112064923,0.001208296,0.00160505,0.003029757,0,0,0.000396754,0.00160505,0.651704238,0.26477908,0,0,0,0,0.036537421,0.003624887,0.016735798,0.016519387,0.003823264,0,0,0,0.002019838,0,0,0,0,0.004238052,0,0,0.348295762,FALSE,FALSE,FALSE,FALSE,FALSE,FALSE,FALSE,FALSE,FALSE,FALSE,TRUE,FALSE,FALSE,FALSE,FALSE,FALSE,FALSE,FALSE,FALSE,FALSE,FALSE,TRUE,TRUE,FALSE,FALSE,FALSE,FALSE,FALSE,FALSE,FALSE,FALSE,FALSE,FALSE,FALSE,FALSE,FALSE,FALSE,FALSE,FALSE,FALSE,FALSE,FALSE,FALSE,FALSE
269,Gippsland,Gippsland,26.43,0,14.62,0,0,1.8,10,0,0,0.55,0,0,0.07,0.38,0,FALSE,TRUE,FALSE,FALSE,FALSE,FALSE,FALSE,0.89,0,0.11,0,TRUE,FALSE,FALSE,FALSE,0.085776876,0,0,0,0.040437414,0,0,0,0,0,0.283923794,0,0.003196208,0.119750049,0,0,0.00579986,0,0,0,0,0.5388842,0.261209172,0,0,0,0,0.042933329,0,0.029160906,0.082867968,0.015532133,0,0,0,0.011491983,0,0,0,0,0.008942199,0.008978111,0,0.4611158,FALSE,FALSE,FALSE,FALSE,FALSE,FALSE,FALSE,FALSE,FALSE,FALSE,TRUE,FALSE,FALSE,FALSE,FALSE,FALSE,FALSE,FALSE,FALSE,FALSE,FALSE,TRUE,TRUE,FALSE,FALSE,FALSE,FALSE,FALSE,FALSE,FALSE,FALSE,FALSE,FALSE,FALSE,FALSE,FALSE,FALSE,FALSE,FALSE,FALSE,FALSE,FALSE,FALSE,FALSE
312,South Burnett,South Burnett,449.03,1.95,0,0,0,3.1,442.1,1.88,0,0,0,0,0.01,0.98,0,FALSE,FALSE,FALSE,FALSE,FALSE,TRUE,FALSE,1,0,0,0,TRUE,FALSE,FALSE,FALSE,0.092501384,0,0.005828695,0,0.093084254,0,0,0.004080086,0,0.01661178,0,0,0.045784397,0.27135488,0.004837817,0.011948824,0,0.001457174,0,0,0.069973479,0.617491913,0.099204383,0,0,0,0,0,0,0,0,0.178037479,0,0.098767231,0,0.00620756,0,0,0,0,0,0.000320578,0,0.382537231,FALSE,FALSE,FALSE,FALSE,FALSE,FALSE,FALSE,FALSE,FALSE,FALSE,FALSE,FALSE,FALSE,TRUE,FALSE,FALSE,FALSE,FALSE,FALSE,FALSE,FALSE,TRUE,FALSE,FALSE,FALSE,FALSE,FALSE,FALSE,FALSE,FALSE,FALSE,TRUE,FALSE,FALSE,FALSE,FALSE,FALSE,FALSE,FALSE,FALSE,FALSE,FALSE,FALSE,FALSE
411,Adelaide Hills,Adelaide Hills,4724.52,3507.81,100.22,26.57,9.34,936.32,144.26,0,0.74,0.02,0.01,0,0.2,0.03,0,TRUE,FALSE,FALSE,FALSE,FALSE,FALSE,FALSE,0.98,0,0.02,0,TRUE,FALSE,FALSE,FALSE,0.032544222,0.000230108,7.04E-05,0,0.043396471,0.000783463,0,0.001654194,0.00073611,0,0.183738807,0,0.004463232,0.068833568,0.006436368,0.001105927,0.000948217,0.000352206,0.000298984,0.000430474,0.004046455,0.350069248,0.212902244,0,0.002264684,0.00049074,0,0.093846844,0.001303553,0.024399655,0.284373443,0.012983095,0,0.000183147,0.000681323,0.001469873,0.001829906,0.000515003,0,0,0.004592766,0.000720457,0.00737441,0.649930752,FALSE,FALSE,FALSE,FALSE,FALSE,FALSE,FALSE,FALSE,FALSE,FALSE,TRUE,FALSE,FALSE,FALSE,FALSE,FALSE,FALSE,FALSE,FALSE,FALSE,FALSE,FALSE,FALSE,FALSE,FALSE,FALSE,FALSE,FALSE,FALSE,FALSE,TRUE,FALSE,FALSE,FALSE,FALSE,FALSE,FALSE,FALSE,FALSE,FALSE,FALSE,FALSE,FALSE,TRUE
412,Clare Valley,Clare Valley,3689.95,540.87,146.91,121.47,679.67,563.08,1637.95,0,0.15,0.04,0.03,0.18,0.15,0.44,0,FALSE,FALSE,FALSE,FALSE,FALSE,TRUE,FALSE,0.97,0,0.03,0,TRUE,FALSE,FALSE,FALSE,0.167900748,7.79E-05,0.01045522,0.015407181,0.054113618,0.000290693,0.000208839,0.000704831,0.00027565,0.000443783,0.001787077,0.000285826,0.010470264,0.312886734,0.005502817,0.001325154,0.009513233,0.011853822,0.000207954,0.00030087,0.001009241,0.605021426,0.054012738,0,0.002244134,0,0.000100437,0.016633224,0,0.275200156,0.004309073,0.033379717,0,0.000208839,0.001620272,0.001857428,0,0.000137161,0,0.000203087,0.004171027,0.000379184,0.000521655,0.394978574,FALSE,FALSE,FALSE,FALSE,FALSE,FALSE,FALSE,FALSE,FALSE,FALSE,FALSE,FALSE,FALSE,TRUE,FALSE,FALSE,FALSE,FALSE,FALSE,FALSE,FALSE,TRUE,FALSE,FALSE,FALSE,FALSE,FALSE,FALSE,FALSE,TRUE,FALSE,FALSE,FALSE,FALSE,FALSE,FALSE,FALSE,FALSE,FALSE,FALSE,FALSE,FALSE,FALSE,FALSE
413,Adelaide Plains,Adelaide Plains,547.93,301.53,63.31,59,9.45,8.27,106.36,0,0.55,0.12,0.11,0.02,0.02,0.19,0,TRUE,FALSE,FALSE,FALSE,FALSE,FALSE,FALSE,1,0,0,0,TRUE,FALSE,FALSE,FALSE,0.111982429,0,0.014731626,0.003273935,0.089166586,0,0,0.002813031,0,0.005269023,0.040150605,0,0.014679693,0.371584061,0.003581205,0,0,0.024453893,0,0,0.003836541,0.685516137,0.098224545,0,2.16E-05,0,0,0.072991658,0,0,0.141880619,0,0,0,2.16E-05,0,0,0.001343763,0,0,0,0,0,0.314483863,FALSE,FALSE,FALSE,FALSE,FALSE,FALSE,FALSE,FALSE,FALSE,FALSE,FALSE,FALSE,FALSE,TRUE,FALSE,FALSE,FALSE,FALSE,FALSE,FALSE,FALSE,TRUE,FALSE,FALSE,FALSE,FALSE,FALSE,FALSE,FALSE,FALSE,TRUE,FALSE,FALSE,FALSE,FALSE,FALSE,FALSE,FALSE,FALSE,FALSE,FALSE,FALSE,FALSE,FALSE
421,Barossa Valley,Barossa Valley,9893.21,2416.12,3045.24,261.31,1097.72,598.76,547.8,1926.26,0.24,0.31,0.03,0.11,0.06,0.06,0.19,FALSE,TRUE,FALSE,FALSE,FALSE,FALSE,FALSE,1,0,0,0,TRUE,FALSE,FALSE,FALSE,0.102581025,0.003324537,0.070362812,0.001096574,0.030586218,0.000934823,0.00033107,0.00014164,0.000833837,0.002301703,0.003839415,0,0.003900612,0.582970169,0.008361296,0.000290416,0.00309467,0.031014814,0,0.001952468,0.00771905,0.855637582,0.044678848,0,0.000832324,0.003465745,0.00046752,0.002011503,0,0.028291003,0.009289632,0.039375893,0,0,0.002336518,0.005840538,0,0.00137834,0.001151067,0.000222731,0.001291626,9.95E-05,0.003629658,0.144362418,FALSE,FALSE,FALSE,FALSE,FALSE,FALSE,FALSE,FALSE,FALSE,FALSE,FALSE,FALSE,FALSE,TRUE,FALSE,FALSE,FALSE,FALSE,FALSE,FALSE,FALSE,TRUE,TRUE,FALSE,FALSE,FALSE,FALSE,FALSE,FALSE,FALSE,FALSE,FALSE,FALSE,FALSE,FALSE,FALSE,FALSE,FALSE,FALSE,FALSE,FALSE,FALSE,FALSE,FALSE
422,Eden Valley,"Eden Valley, SA",1965.43,367.87,81.18,1.26,151.99,1243.08,120.04,0,0.19,0.04,0,0.08,0.63,0.06,0,FALSE,FALSE,FALSE,FALSE,TRUE,FALSE,FALSE,0.97,0,0.03,0,TRUE,FALSE,FALSE,FALSE,0.065879997,0,0.009343276,0.000187348,0.018882592,0.001839684,0.001716073,0.000724285,0.0001352,0.002848854,0.031298769,0,0.001540313,0.246185432,0.002483815,0.000289714,0.000441331,0.006766753,0,0.000346691,0.005099932,0.396010059,0.111666396,0,0,0.008491517,0,0.029413696,0,0.380264103,0.025705357,0.016079127,0,0.000739736,0,0.017106646,0,0.00033124,0,0,0.005705434,0.003225482,0.005262172,0.603989941,FALSE,FALSE,FALSE,FALSE,FALSE,FALSE,FALSE,FALSE,FALSE,FALSE,FALSE,FALSE,FALSE,TRUE,FALSE,FALSE,FALSE,FALSE,FALSE,FALSE,FALSE,FALSE,FALSE,FALSE,FALSE,FALSE,FALSE,FALSE,FALSE,TRUE,FALSE,FALSE,FALSE,FALSE,FALSE,FALSE,FALSE,FALSE,FALSE,FALSE,FALSE,FALSE,FALSE,TRUE
431,Currency Creek,Currency Creek,1942.29,759,0,0,0,2.05,1181.24,0,0.39,0,0,0,0,0.61,0,FALSE,FALSE,FALSE,FALSE,FALSE,TRUE,FALSE,1,0,0,0,TRUE,FALSE,FALSE,FALSE,0.306166285,0.002644292,0.002034071,0.000711925,0.090224256,0,0,0,0,0.001017035,0.013954742,0,0.001118739,0.38888177,0.001660819,0,0,0,0,0,0,0.80841495,0.127297229,0,0,0,0,0.000830918,0,0,0.048382405,0.0047821,0,0,0,0.001851004,0,0,0,0,0.008441393,0,0,0.191584033,FALSE,FALSE,FALSE,FALSE,FALSE,FALSE,FALSE,FALSE,FALSE,FALSE,FALSE,FALSE,FALSE,TRUE,FALSE,FALSE,FALSE,FALSE,FALSE,FALSE,FALSE,TRUE,TRUE,FALSE,FALSE,FALSE,FALSE,FALSE,FALSE,FALSE,FALSE,FALSE,FALSE,FALSE,FALSE,FALSE,FALSE,FALSE,FALSE,FALSE,FALSE,FALSE,FALSE,FALSE
432,Kangaroo Island,Kangaroo Island,73.37,1.2,0,0,0,72.17,0,0,0.02,0,0,0,0.98,0,0,FALSE,FALSE,FALSE,FALSE,TRUE,FALSE,FALSE,1,0,0,0,TRUE,FALSE,FALSE,FALSE,0.113390313,0,0.045584046,0.011965812,0.034757835,0,0,0,0,0,0.014814815,0,0.006837607,0.338461538,0,0,0.013105413,0,0,0,0,0.578917379,0.066666667,0,0,0,0,0.0997151,0,0.083760684,0.116809117,0.021082621,0,0,0,0.001709402,0,0,0,0,0,0.031339031,0,0.421082621,FALSE,FALSE,FALSE,FALSE,FALSE,FALSE,FALSE,FALSE,FALSE,FALSE,FALSE,FALSE,FALSE,TRUE,FALSE,FALSE,FALSE,FALSE,FALSE,FALSE,FALSE,TRUE,FALSE,FALSE,FALSE,FALSE,FALSE,FALSE,FALSE,FALSE,TRUE,FALSE,FALSE,FALSE,FALSE,FALSE,FALSE,FALSE,FALSE,FALSE,FALSE,FALSE,FALSE,FALSE
433,Langhorne Creek,Langhorne Creek,13532.57,370.68,3556.23,0,0,14.31,9585.95,5.41,0.03,0.26,0,0,0,0.71,0,FALSE,FALSE,FALSE,FALSE,FALSE,TRUE,FALSE,0.98,0.02,0,0,TRUE,FALSE,FALSE,FALSE,0.223758104,0.003668008,0.020281896,0.004222824,0.081896663,0.000609527,0,0.000287049,0,0.002205287,0.026915111,0,0.003627276,0.418328566,0.000273311,0.000303679,0.00125376,0.001672403,0.000539151,0.001638661,0.000789806,0.792270841,0.11875509,0,0.000687857,0.000781612,0,0.018322444,0,0.037186207,0.019039705,0.000334529,0,0.006376293,0.000124846,0.00225349,0,0,2.51E-05,0,0.003771885,7.71E-06,6.24E-05,0.207729159,FALSE,FALSE,FALSE,FALSE,FALSE,FALSE,FALSE,FALSE,FALSE,FALSE,FALSE,FALSE,FALSE,TRUE,FALSE,FALSE,FALSE,FALSE,FALSE,FALSE,FALSE,TRUE,TRUE,FALSE,FALSE,FALSE,FALSE,FALSE,FALSE,FALSE,FALSE,FALSE,FALSE,FALSE,FALSE,FALSE,FALSE,FALSE,FALSE,FALSE,FALSE,FALSE,FALSE,FALSE
434,McLaren Vale,McLaren Vale,7692.48,3542,57.79,3616.68,187.29,224.71,55.22,8.8,0.46,0.01,0.47,0.02,0.03,0.01,0,FALSE,FALSE,TRUE,FALSE,FALSE,FALSE,FALSE,0.99,0,0.01,0,TRUE,FALSE,FALSE,FALSE,0.168697834,0.000663397,0.069374859,0.000912065,0.04158215,0.000501552,0.00130853,0.00028632,0.001807553,0.011834935,0.010832674,0.000252883,0.008676704,0.533263837,0.011095673,0.000293906,0.002096683,0.018395849,0,0.000268899,0.007564299,0.889710603,0.050240871,0.002374292,0.000570392,0.002912091,0,0.004230455,0,0.004601351,0.018685541,0.00639064,0,0.004468727,0.001850262,0.005404395,0.000635299,0.002010422,0.002067742,0,0.000414728,0.000848564,0.002583062,0.110289397,FALSE,FALSE,FALSE,FALSE,FALSE,FALSE,FALSE,FALSE,FALSE,FALSE,FALSE,FALSE,FALSE,TRUE,FALSE,FALSE,FALSE,FALSE,FALSE,FALSE,FALSE,TRUE,TRUE,FALSE,FALSE,FALSE,FALSE,FALSE,FALSE,FALSE,FALSE,FALSE,FALSE,FALSE,FALSE,FALSE,FALSE,FALSE,FALSE,FALSE,FALSE,FALSE,FALSE,FALSE
435,Southern Fleurieu,Southern Fleurieu,205.55,120.19,0,8.31,11.08,65.97,0,0,0.58,0,0.04,0.05,0.32,0,0,TRUE,FALSE,FALSE,FALSE,FALSE,FALSE,FALSE,1,0,0,0,TRUE,FALSE,FALSE,FALSE,0.091192011,0.000880628,0,0,0.010037448,0,0,0,0,0,0.086737573,0,0.000487338,0.336434056,0.004009849,0,0,0,0,0,0,0.529770353,0.148090833,0,0,0,0,0.10001539,0,0,0.145944837,0.067372309,0,0,0,0,0,0,0,0,0,0.00675433,0.002051948,0.470229647,FALSE,FALSE,FALSE,FALSE,FALSE,FALSE,FALSE,FALSE,FALSE,FALSE,FALSE,FALSE,FALSE,TRUE,FALSE,FALSE,FALSE,FALSE,FALSE,FALSE,FALSE,TRUE,TRUE,FALSE,FALSE,FALSE,FALSE,FALSE,FALSE,FALSE,FALSE,FALSE,FALSE,FALSE,FALSE,FALSE,FALSE,FALSE,FALSE,FALSE,FALSE,FALSE,FALSE,FALSE
441,Mount Benson,"Mount Benson, SA",405.77,405.77,0,0,0,0,0,0,1,0,0,0,0,0,0,TRUE,FALSE,FALSE,FALSE,FALSE,FALSE,FALSE,1,0,0,0,TRUE,FALSE,FALSE,FALSE,0.224842223,0,0,0,0.126188001,0,0,0,0,0.003940191,0,0,0,0.293605342,0,0,0.013586864,0,0,0,0,0.662162621,0.118613325,0,0,0,0,0.032363911,0,0,0.173782787,0.013070563,0,0,0,0,0,0,0,0,0,0,0,0.337837379,FALSE,FALSE,FALSE,FALSE,FALSE,FALSE,FALSE,FALSE,FALSE,FALSE,FALSE,FALSE,FALSE,TRUE,FALSE,FALSE,FALSE,FALSE,FALSE,FALSE,FALSE,TRUE,FALSE,FALSE,FALSE,FALSE,FALSE,FALSE,FALSE,FALSE,TRUE,FALSE,FALSE,FALSE,FALSE,FALSE,FALSE,FALSE,FALSE,FALSE,FALSE,FALSE,FALSE,FALSE
442,Padthaway,Padthaway,5411.54,5411.54,0,0,0,0,0,0,1,0,0,0,0,0,0,TRUE,FALSE,FALSE,FALSE,FALSE,FALSE,FALSE,0.88,0,0.11,0.01,TRUE,FALSE,FALSE,FALSE,0.131178864,0,0,0.01429912,0.034485734,0,0,0,0,0,0.030870388,0,0.002002993,0.314297317,0,3.82E-05,0.003454369,0,0,0,0,0.530626989,0.29330839,0,0,0,0,0.059995347,0,0.064885208,0.027664569,0.000710019,0,0.00570076,0,0.003343616,0.000137368,0,0,0,0.010618095,0.003009641,0,0.469372582,FALSE,FALSE,FALSE,FALSE,FALSE,FALSE,FALSE,FALSE,FALSE,FALSE,FALSE,FALSE,FALSE,TRUE,FALSE,FALSE,FALSE,FALSE,FALSE,FALSE,FALSE,TRUE,TRUE,FALSE,FALSE,FALSE,FALSE,FALSE,FALSE,FALSE,FALSE,FALSE,FALSE,FALSE,FALSE,FALSE,FALSE,FALSE,FALSE,FALSE,FALSE,FALSE,FALSE,FALSE
443,Coonawarra,Coonawarra,5218.98,5213.1,5.88,0,0,0,0,0,1,0,0,0,0,0,0,TRUE,FALSE,FALSE,FALSE,FALSE,FALSE,FALSE,0.82,0,0.18,0,TRUE,FALSE,FALSE,FALSE,0.521271785,0,0,0.00195745,0.087552577,0,0,0,0,0.013424389,0.004916648,0,0.000315947,0.265295366,0.000374719,0.000276641,0.002688921,0,0,0,0.00030846,0.898382904,0.05692179,0,0,0,0,0.000860994,0,0.021464198,0.01633043,0.004480162,0,0,0,0,0,0,0,0,0.000711256,0.000474295,0.000374345,0.10161747,TRUE,FALSE,FALSE,FALSE,FALSE,FALSE,FALSE,FALSE,FALSE,FALSE,FALSE,FALSE,FALSE,FALSE,FALSE,FALSE,FALSE,FALSE,FALSE,FALSE,FALSE,TRUE,TRUE,FALSE,FALSE,FALSE,FALSE,FALSE,FALSE,FALSE,FALSE,FALSE,FALSE,FALSE,FALSE,FALSE,FALSE,FALSE,FALSE,FALSE,FALSE,FALSE,FALSE,FALSE
444,Wrattonbully,Wrattonbully,3659.41,3587,0,0,0,72.42,0,0,0.98,0,0,0,0.02,0,0,TRUE,FALSE,FALSE,FALSE,FALSE,FALSE,FALSE,0.99,0,0.01,0,TRUE,FALSE,FALSE,FALSE,0.318658955,0,0,0.001332909,0.13470037,0,0,0.000277666,0,0,0.041195059,0,0.001652282,0.31133624,0.000766151,0.000790147,0.000566758,0,0,0,0,0.811275393,0.062256507,0,0,0,0,0.075015983,0,0.005692716,0.039891288,0.002520701,0,0,0,0.002822362,0,0,0.000524479,0,0,0,0,0.188724607,TRUE,FALSE,FALSE,FALSE,FALSE,FALSE,FALSE,FALSE,FALSE,FALSE,FALSE,FALSE,FALSE,FALSE,FALSE,FALSE,FALSE,FALSE,FALSE,FALSE,FALSE,TRUE,FALSE,FALSE,FALSE,FALSE,FALSE,TRUE,FALSE,FALSE,FALSE,FALSE,FALSE,FALSE,FALSE,FALSE,FALSE,FALSE,FALSE,FALSE,FALSE,FALSE,FALSE,FALSE
445,Robe,"Robe, SA",598.62,598.62,0,0,0,0,0,0,1,0,0,0,0,0,0,TRUE,FALSE,FALSE,FALSE,FALSE,FALSE,FALSE,1,0,0,0,TRUE,FALSE,FALSE,FALSE,0.226466494,0,0,0.002688172,0.069964478,0,0,0,0,0,0.101382488,0,0,0.351502496,0,0,0,0,0,0,0,0.752004128,0.122583845,0,0,0,0,0.020241295,0,0,0.051967326,0.050403226,0,0,0,0,0,0,0.002800179,0,0,0,0,0.247999872,FALSE,FALSE,FALSE,FALSE,FALSE,FALSE,FALSE,FALSE,FALSE,FALSE,FALSE,FALSE,FALSE,TRUE,FALSE,FALSE,FALSE,FALSE,FALSE,FALSE,FALSE,TRUE,TRUE,FALSE,FALSE,FALSE,FALSE,FALSE,FALSE,FALSE,FALSE,FALSE,FALSE,FALSE,FALSE,FALSE,FALSE,FALSE,FALSE,FALSE,FALSE,FALSE,FALSE,FALSE
446,Mount Gambier,Mount Gambier,161.32,161.32,0,0,0,0,0,0,1,0,0,0,0,0,0,TRUE,FALSE,FALSE,FALSE,FALSE,FALSE,FALSE,1,0,0,0,TRUE,FALSE,FALSE,FALSE,0.037102806,0,0,0,0.00143472,0,0,0,0,0,0.106804337,0,0,0,0,0,0,0,0,0,0,0.145341863,0.201895712,0,0,0,0,0.023131924,0,0.012994802,0.616623939,0,0,0,0,0,0,0,0,0,0,0,0,0.854658137,FALSE,FALSE,FALSE,FALSE,FALSE,FALSE,FALSE,FALSE,FALSE,FALSE,TRUE,FALSE,FALSE,FALSE,FALSE,FALSE,FALSE,FALSE,FALSE,FALSE,FALSE,FALSE,FALSE,FALSE,FALSE,FALSE,FALSE,FALSE,FALSE,FALSE,TRUE,FALSE,FALSE,FALSE,FALSE,FALSE,FALSE,FALSE,FALSE,FALSE,FALSE,FALSE,FALSE,TRUE
451,Riverland,"Barmera, SA",132532.79,0.07,56705.22,4.74,2035.15,165.05,72965.18,657.4,0,0.43,0,0.02,0,0.55,0,FALSE,FALSE,FALSE,FALSE,FALSE,TRUE,FALSE,0.87,0,0.13,0,TRUE,FALSE,FALSE,FALSE,0.141199141,0.0005821,0.010668534,0.000896321,0.057401124,0.00032203,0.000279731,5.00E-06,0.000155251,0.029976552,0.015731844,0.00488412,0.001316662,0.253416593,0.002074419,4.10E-05,0.000433077,0.006651917,1.75E-05,1.50E-05,0.003545286,0.529613117,0.252470071,0.062323569,0.000428452,0.006228903,0.053994751,0.004147094,0.000248611,0.007856858,0.0319561,0.022087551,0.000450182,0.005427035,0.002101425,0.005449393,0.000162596,0.004032189,0,0.000177935,0.005801358,0.000397285,0.004645548,0.470386883,FALSE,FALSE,FALSE,FALSE,FALSE,FALSE,FALSE,FALSE,FALSE,FALSE,FALSE,FALSE,FALSE,TRUE,FALSE,FALSE,FALSE,FALSE,FALSE,FALSE,FALSE,TRUE,TRUE,FALSE,FALSE,FALSE,FALSE,FALSE,FALSE,FALSE,FALSE,FALSE,FALSE,FALSE,FALSE,FALSE,FALSE,FALSE,FALSE,FALSE,FALSE,FALSE,FALSE,FALSE
469,The Peninsulas,"Arno Bay, SA",45,0,0,0,15,30,0,0,0,0,0,0.33,0.67,0,0,FALSE,FALSE,FALSE,FALSE,TRUE,FALSE,FALSE,1,0,0,0,TRUE,FALSE,FALSE,FALSE,0.16030726,0,0,0,0.167135255,0,0,0,0,0,0,0,0,0.486896275,0,0,0,0,0,0,0,0.814338789,0.063108746,0,0,0,0,0,0,0.005372025,0.087609198,0.017220604,0,0,0,0.012350638,0,0,0,0,0,0,0,0.185711417,FALSE,FALSE,FALSE,FALSE,FALSE,FALSE,FALSE,FALSE,FALSE,FALSE,FALSE,FALSE,FALSE,TRUE,FALSE,FALSE,FALSE,FALSE,FALSE,FALSE,FALSE,TRUE,FALSE,FALSE,FALSE,FALSE,FALSE,FALSE,FALSE,FALSE,TRUE,FALSE,FALSE,FALSE,FALSE,FALSE,FALSE,FALSE,FALSE,FALSE,FALSE,FALSE,FALSE,FALSE
471,Southern Flinders Ranges,"Wirrabara, SA",494.64,494.64,0,0,0,0,0,0,1,0,0,0,0,0,0,TRUE,FALSE,FALSE,FALSE,FALSE,FALSE,FALSE,1,0,0,0,TRUE,FALSE,FALSE,FALSE,0.135371719,0,0,0,0.052995273,0,0,0.000978343,0,0,0,0,0,0.806617715,0,0,0,0,0,0,0,0.99596305,0.000978343,0,0,0,0,0,0,0.003058608,0,0,0,0,0,0,0,0,0,0,0,0,0,0.00403695,FALSE,FALSE,FALSE,FALSE,FALSE,FALSE,FALSE,FALSE,FALSE,FALSE,FALSE,FALSE,FALSE,TRUE,FALSE,FALSE,FALSE,FALSE,FALSE,FALSE,FALSE,TRUE,FALSE,FALSE,FALSE,FALSE,FALSE,FALSE,FALSE,TRUE,FALSE,FALSE,FALSE,FALSE,FALSE,FALSE,FALSE,FALSE,FALSE,FALSE,FALSE,FALSE,FALSE,FALSE
511,Perth Hills,Perth Hills,110.86,74.47,0,0,0,32.92,3.47,0,0.67,0,0,0,0.3,0.03,0,TRUE,FALSE,FALSE,FALSE,FALSE,FALSE,FALSE,0.94,0,0.06,0,TRUE,FALSE,FALSE,FALSE,0.063456183,0.013366093,0.042031122,0,0.033644554,0,0,0.003734644,0,0.011564292,0.02021294,0,0.007502048,0.248419328,0.132481572,0.003734644,0,0.011203931,0,0.004324324,0.00989353,0.605536446,0.112039312,0,0.003734644,0.005405405,0,0,0,0,0.00982801,0.088746929,0,0.076527437,0.003734644,0.039344799,0,0.037018837,0,0.004914005,0.004324324,0,0.008812449,0.394463554,FALSE,FALSE,FALSE,FALSE,FALSE,FALSE,FALSE,FALSE,FALSE,FALSE,FALSE,FALSE,FALSE,TRUE,FALSE,FALSE,FALSE,FALSE,FALSE,FALSE,FALSE,TRUE,TRUE,FALSE,FALSE,FALSE,FALSE,FALSE,FALSE,FALSE,FALSE,FALSE,FALSE,FALSE,FALSE,FALSE,FALSE,FALSE,FALSE,FALSE,FALSE,FALSE,FALSE,FALSE
512,Swan Districts,"Yanchep, WA",1363.3,579.84,0,0,0,13.13,770.33,0,0.43,0,0,0,0.01,0.57,0,FALSE,FALSE,FALSE,FALSE,FALSE,TRUE,FALSE,0.99,0,0,0,TRUE,FALSE,FALSE,FALSE,0.08842092,0.000181877,0.034989997,0.002687354,0.011223656,0,0.001351326,0,0.000132583,0.000768301,0.000566027,0,0.0007751,0.055341478,0.001772872,0,0.000370552,0,0,0.000244768,0.00054733,0.19937754,0.107269794,0.000887286,0,0.000365453,0.002384793,0,0,0,0.00831023,0.02571939,0,0.212066407,0.001269737,0.002434087,0,0.355585736,0,0.077732696,0.002004042,0,0.004594509,0.80062246,TRUE,FALSE,FALSE,FALSE,FALSE,FALSE,FALSE,FALSE,FALSE,FALSE,FALSE,FALSE,FALSE,FALSE,FALSE,FALSE,FALSE,FALSE,FALSE,FALSE,FALSE,FALSE,FALSE,FALSE,FALSE,FALSE,FALSE,FALSE,FALSE,FALSE,FALSE,FALSE,FALSE,FALSE,FALSE,FALSE,FALSE,TRUE,FALSE,FALSE,FALSE,FALSE,FALSE,TRUE
513,Peel,"Pinjarra, WA",7.6,0,0,0,0,7.6,0,0,0,0,0,0,1,0,0,FALSE,FALSE,FALSE,FALSE,TRUE,FALSE,FALSE,1,0,0,0,TRUE,FALSE,FALSE,FALSE,0.153846154,0,0.042847503,0,0.059716599,0,0,0,0,0,0.017206478,0,0,0.29925776,0,0,0,0,0,0.064102564,0.021255061,0.658232119,0.085357625,0,0,0,0,0,0,0,0.017206478,0.055668016,0,0,0.128205128,0,0,0.055668016,0,0,0,0,0,0.341767881,FALSE,FALSE,FALSE,FALSE,FALSE,FALSE,FALSE,FALSE,FALSE,FALSE,FALSE,FALSE,FALSE,TRUE,FALSE,FALSE,FALSE,FALSE,FALSE,FALSE,FALSE,TRUE,FALSE,FALSE,FALSE,FALSE,FALSE,FALSE,FALSE,FALSE,FALSE,FALSE,FALSE,FALSE,TRUE,FALSE,FALSE,FALSE,FALSE,FALSE,FALSE,FALSE,FALSE,FALSE
529,Central Western  Australia,"Dryandra, WA",6.57,0,0,0,0,6.57,0,0,0,0,0,0,1,0,0,FALSE,FALSE,FALSE,FALSE,TRUE,FALSE,FALSE,1,0,0,0,TRUE,FALSE,FALSE,FALSE,0.059994691,0,0.318821343,0,0,0,0,0,0,0,0,0,0.053092647,0.330501726,0,0,0.018582426,0,0,0,0.013273162,0.794265994,0,0,0,0,0.049641625,0,0,0,0,0.080169896,0,0,0,0,0,0.076187948,0,0,0,0,0,0.205734006,FALSE,FALSE,FALSE,FALSE,FALSE,FALSE,FALSE,FALSE,FALSE,FALSE,FALSE,FALSE,FALSE,TRUE,FALSE,FALSE,FALSE,FALSE,FALSE,FALSE,FALSE,TRUE,FALSE,FALSE,FALSE,FALSE,FALSE,FALSE,FALSE,FALSE,FALSE,TRUE,FALSE,FALSE,FALSE,FALSE,FALSE,FALSE,FALSE,FALSE,FALSE,FALSE,FALSE,FALSE
531,Blackwood Valley,Blackwood Valley,253.44,0,0,0,0,253.44,0,0,0,0,0,0,1,0,0,FALSE,FALSE,FALSE,FALSE,TRUE,FALSE,FALSE,1,0,0,0,TRUE,FALSE,FALSE,FALSE,0.176348153,0,0.000491186,0.010689441,0.051777173,0,0,0,0,0,0,0,0,0.273277625,0.016921367,0,0,0,0,0,0,0.529504946,0.072861344,0,0,0,0,0,0,0,0.265007276,0.12921883,0,0,0,0.003413745,0,0,0,0,0,0,0,0.470495054,FALSE,FALSE,FALSE,FALSE,FALSE,FALSE,FALSE,FALSE,FALSE,FALSE,FALSE,FALSE,FALSE,TRUE,FALSE,FALSE,FALSE,FALSE,FALSE,FALSE,FALSE,TRUE,FALSE,FALSE,FALSE,FALSE,FALSE,FALSE,FALSE,FALSE,TRUE,FALSE,FALSE,FALSE,FALSE,FALSE,FALSE,FALSE,FALSE,FALSE,FALSE,FALSE,FALSE,FALSE
532,Geographe,Geographe,433.57,29.51,172.96,0,0,202.9,28.2,0,0.07,0.4,0,0,0.47,0.07,0,FALSE,FALSE,FALSE,FALSE,TRUE,FALSE,FALSE,0.93,0.06,0.01,0,TRUE,FALSE,FALSE,FALSE,0.151482701,0.000630937,0.03277398,0.012925521,0.08735869,0,0.008445291,0.000630937,0,0.002772649,0.000127345,0,0.007652279,0.261844535,0.026221499,0.002674246,0,0.001261873,0.000758282,0.007287609,0.005041705,0.609890078,0.139946399,0,0.000630937,0,0,0,0,0.005834718,0.082450118,0.131865778,0,0.017272617,0,0.003363066,0.001389219,0.006106773,0,0,0,0,0.001261873,0.390109922,FALSE,FALSE,FALSE,FALSE,FALSE,FALSE,FALSE,FALSE,FALSE,FALSE,FALSE,FALSE,FALSE,TRUE,FALSE,FALSE,FALSE,FALSE,FALSE,FALSE,FALSE,TRUE,TRUE,FALSE,FALSE,FALSE,FALSE,FALSE,FALSE,FALSE,FALSE,FALSE,FALSE,FALSE,FALSE,FALSE,FALSE,FALSE,FALSE,FALSE,FALSE,FALSE,FALSE,FALSE
533,Great Southern,"Mount Barker, WA",1504.8,6.91,0,0,0,1496.97,0.91,0,0,0,0,0,0.99,0,0,FALSE,FALSE,FALSE,FALSE,TRUE,FALSE,FALSE,1,0,0,0,TRUE,FALSE,FALSE,FALSE,0.149200433,0,0,0.015243288,0.0504681,0,0,0,0,0.000349846,0.031868226,0,0.000552982,0.307372721,0.004206212,0,0.001971712,0,0,0,3.71E-05,0.561270602,0.10419928,0,0.000594899,0,0,0.003363035,0,0.095249995,0.152382902,0.080711235,0,0.000865748,0.000644877,0.000111241,0,0,0.00018379,0,0.000424007,0,0,0.438729398,FALSE,FALSE,FALSE,FALSE,FALSE,FALSE,FALSE,FALSE,FALSE,FALSE,FALSE,FALSE,FALSE,TRUE,FALSE,FALSE,FALSE,FALSE,FALSE,FALSE,FALSE,TRUE,FALSE,FALSE,FALSE,FALSE,FALSE,FALSE,FALSE,FALSE,TRUE,FALSE,FALSE,FALSE,FALSE,FALSE,FALSE,FALSE,FALSE,FALSE,FALSE,FALSE,FALSE,FALSE
534,Margaret River,Margaret River,4629.51,614.34,4.3,0,13.58,3831,166.29,0,0.13,0,0,0,0.83,0.04,0,FALSE,FALSE,FALSE,FALSE,TRUE,FALSE,FALSE,1,0,0,0,TRUE,FALSE,FALSE,FALSE,0.185259452,0,0.001838378,0.009096665,0.064810293,0,0.001397671,0.000448183,0,0.004507016,0.004036797,0.000403326,0.001460629,0.141619622,0.002262952,0,0.004360245,0.000536325,0,0.001141903,0.001039596,0.424219053,0.147235095,0,0.000326989,0,0,0.000671291,0,0.011086536,0.214006534,0.167442691,0,0.00577641,0.000776353,0.001276083,2.16E-05,0.02568771,0.000501304,3.93E-05,6.10E-05,0.000110177,0.000761794,0.57578134,TRUE,FALSE,FALSE,FALSE,FALSE,FALSE,FALSE,FALSE,FALSE,FALSE,FALSE,FALSE,FALSE,FALSE,FALSE,FALSE,FALSE,FALSE,FALSE,FALSE,FALSE,FALSE,FALSE,FALSE,FALSE,FALSE,FALSE,FALSE,FALSE,FALSE,TRUE,FALSE,FALSE,FALSE,FALSE,FALSE,FALSE,FALSE,FALSE,FALSE,FALSE,FALSE,FALSE,TRUE
535,Manjimup,Manjimup,4.5,0,0,0,0,4.5,0,0,0,0,0,0,1,0,0,FALSE,FALSE,FALSE,FALSE,TRUE,FALSE,FALSE,0.71,0,0.29,0,TRUE,FALSE,FALSE,FALSE,0,0,0,0,0.033726813,0,0,0,0,0,0.130269815,0,0,0.033726813,0,0,0,0,0,0,0,0.19772344,0.02529511,0,0,0,0,0.02529511,0,0,0.415261383,0.336424958,0,0,0,0,0,0,0,0,0,0,0,0.80227656,FALSE,FALSE,FALSE,FALSE,FALSE,FALSE,FALSE,FALSE,FALSE,FALSE,TRUE,FALSE,FALSE,FALSE,FALSE,FALSE,FALSE,FALSE,FALSE,FALSE,FALSE,FALSE,FALSE,FALSE,FALSE,FALSE,FALSE,FALSE,FALSE,FALSE,TRUE,FALSE,FALSE,FALSE,FALSE,FALSE,FALSE,FALSE,FALSE,FALSE,FALSE,FALSE,FALSE,TRUE
536,Pemberton,"Pemberton, WA",722.22,0,0,0,0,722.22,0,0,0,0,0,0,1,0,0,FALSE,FALSE,FALSE,FALSE,TRUE,FALSE,FALSE,0.86,0,0.14,0,TRUE,FALSE,FALSE,FALSE,0.008802128,0,0,0.004368011,0.027779332,0,0,0,0,0,0.070778055,0,0,0.045068317,0,0,0.003559497,0,0,0.001983148,0,0.162338488,0.358019292,0,0,0,0,0.011293775,0,0.005837575,0.409621829,0.044732707,0,0.001322099,0,0.003940872,0,0,0,0,0.0005085,0,0.002384863,0.837661512,FALSE,FALSE,FALSE,FALSE,FALSE,FALSE,FALSE,FALSE,FALSE,FALSE,TRUE,FALSE,FALSE,FALSE,FALSE,FALSE,FALSE,FALSE,FALSE,FALSE,FALSE,FALSE,FALSE,FALSE,FALSE,FALSE,FALSE,FALSE,FALSE,FALSE,TRUE,FALSE,FALSE,FALSE,FALSE,FALSE,FALSE,FALSE,FALSE,FALSE,FALSE,FALSE,FALSE,TRUE
549,West Australia South East Coastal,"Esperance, WA",24.5,0.5,0,0,0,24,0,0,0.02,0,0,0,0.98,0,0,FALSE,FALSE,FALSE,FALSE,TRUE,FALSE,FALSE,1,0,0,0,TRUE,FALSE,FALSE,FALSE,0,0,0,0,0.034638033,0,0,0,0,0,0.086595081,0,0,0.303082785,0,0,0,0,0,0,0,0.424315899,0.225147212,0,0,0,0,0,0,0.073432629,0.268444752,0,0,0,0,0,0,0,0,0,0.008659508,0,0,0.575684101,FALSE,FALSE,FALSE,FALSE,FALSE,FALSE,FALSE,FALSE,FALSE,FALSE,FALSE,FALSE,FALSE,TRUE,FALSE,FALSE,FALSE,FALSE,FALSE,FALSE,FALSE,FALSE,FALSE,FALSE,FALSE,FALSE,FALSE,FALSE,FALSE,FALSE,TRUE,FALSE,FALSE,FALSE,FALSE,FALSE,FALSE,FALSE,FALSE,FALSE,FALSE,FALSE,FALSE,TRUE
699,Tasmania,Tasmania,1639.09,8.51,166.01,10,113.83,983.33,350.93,6.48,0.01,0.1,0.01,0.07,0.6,0.21,0,FALSE,FALSE,FALSE,FALSE,TRUE,FALSE,FALSE,0.97,0,0.03,0,TRUE,FALSE,FALSE,FALSE,0.011834804,0,0,0.00033353,0.004543578,0,0,7.94E-05,0,0.000343303,0.419106238,0,0,0.004371315,0.000467919,0,0.001630997,0,0,0,0.013284986,0.455997302,0.250113009,0,0,0,0,0.07462878,0,0.077807696,0.131468092,0,0,0,0,0.000267557,5.13E-05,0,0,0,0.006856294,0.000127059,0.002681676,0.544001476,FALSE,FALSE,FALSE,FALSE,FALSE,FALSE,FALSE,FALSE,FALSE,FALSE,TRUE,FALSE,FALSE,FALSE,FALSE,FALSE,FALSE,FALSE,FALSE,FALSE,FALSE,FALSE,TRUE,FALSE,FALSE,FALSE,FALSE,FALSE,FALSE,FALSE,FALSE,FALSE,FALSE,FALSE,FALSE,FALSE,FALSE,FALSE,FALSE,FALSE,FALSE,FALSE,FALSE,TRUE
841,Canberra District (ACT),Canberra District (ACT),12.1,12.1,0,0,0,0,0,0,1,0,0,0,0,0,0,TRUE,FALSE,FALSE,FALSE,FALSE,FALSE,FALSE,1,0,0,0,TRUE,FALSE,FALSE,FALSE,0,0,0,0,0,0,0,0,0,0,0.185803758,0,0,0.127348643,0.121085595,0,0.032359081,0,0,0,0.06993737,0.536534447,0.096033403,0,0,0,0,0.281837161,0,0.08559499,0,0,0,0,0,0,0,0,0,0,0,0,0,0.463465553,FALSE,FALSE,FALSE,FALSE,FALSE,FALSE,FALSE,FALSE,FALSE,FALSE,TRUE,FALSE,FALSE,FALSE,FALSE,FALSE,FALSE,FALSE,FALSE,FALSE,FALSE,TRUE,FALSE,FALSE,FALSE,FALSE,FALSE,TRUE,FALSE,FALSE,FALSE,FALSE,FALSE,FALSE,FALSE,FALSE,FALSE,FALSE,FALSE,FALSE,FALSE,FALSE,FALSE,FALSE
